{
  "projectId": "696fb1af0022b4b518d5",
  "databases": [
    {
      "$id": "imagine-project-db",
      "name": "Imagine Project DB",
      "enabled": true
    }
  ],
  "collections": [
    {
      "$id": "users",
      "$permissions": [
        "create(\"any\")",
        "read(\"any\")",
        "update(\"any\")",
        "delete(\"any\")",
        "create(\"user:696fbefc0032ec215c6b\")",
        "read(\"user:696fbefc0032ec215c6b\")",
        "update(\"user:696fbefc0032ec215c6b\")",
        "delete(\"user:696fbefc0032ec215c6b\")"
      ],
      "databaseId": "imagine-project-db",
      "name": "users",
      "enabled": true,
      "documentSecurity": true,
      "attributes": [
        {
          "key": "createdBy",
          "type": "string",
          "required": true,
          "array": false,
          "size": 64,
          "default": null,
          "encrypt": false
        },
        {
          "key": "email",
          "type": "string",
          "required": true,
          "array": false,
          "format": "email",
          "default": null
        },
        {
          "key": "firstName",
          "type": "string",
          "required": true,
          "array": false,
          "size": 100,
          "default": null,
          "encrypt": false
        },
        {
          "key": "lastName",
          "type": "string",
          "required": true,
          "array": false,
          "size": 100,
          "default": null,
          "encrypt": false
        },
        {
          "key": "role",
          "type": "string",
          "required": true,
          "array": false,
          "size": 50,
          "default": null,
          "encrypt": false
        },
        {
          "key": "permissions",
          "type": "string",
          "required": false,
          "array": true,
          "size": 100,
          "default": null,
          "encrypt": false
        },
        {
          "key": "departmentId",
          "type": "string",
          "required": false,
          "array": false,
          "size": 64,
          "default": null,
          "encrypt": false
        },
        {
          "key": "isActive",
          "type": "boolean",
          "required": false,
          "array": false,
          "default": true
        },
        {
          "key": "phone",
          "type": "string",
          "required": false,
          "array": false,
          "size": 20,
          "default": null,
          "encrypt": false
        }
      ],
      "indexes": [
        {
          "key": "idx_createdBy",
          "type": "key",
          "status": "available",
          "attributes": ["createdBy"],
          "orders": ["ASC"]
        },
        {
          "key": "idx_email",
          "type": "unique",
          "status": "available",
          "attributes": ["email"],
          "orders": ["ASC"]
        },
        {
          "key": "idx_role",
          "type": "key",
          "status": "available",
          "attributes": ["role"],
          "orders": ["ASC"]
        }
      ]
    },
    {
      "$id": "students",
      "$permissions": [],
      "databaseId": "imagine-project-db",
      "name": "students",
      "enabled": true,
      "documentSecurity": true,
      "attributes": [
        {
          "key": "createdBy",
          "type": "string",
          "required": true,
          "array": false,
          "size": 64,
          "default": null,
          "encrypt": false
        },
        {
          "key": "cne",
          "type": "string",
          "required": true,
          "array": false,
          "size": 50,
          "default": null,
          "encrypt": false
        },
        {
          "key": "cin",
          "type": "string",
          "required": false,
          "array": false,
          "size": 20,
          "default": null,
          "encrypt": false
        },
        {
          "key": "apogeeCode",
          "type": "string",
          "required": false,
          "array": false,
          "size": 50,
          "default": null,
          "encrypt": false
        },
        {
          "key": "firstName",
          "type": "string",
          "required": true,
          "array": false,
          "size": 100,
          "default": null,
          "encrypt": false
        },
        {
          "key": "lastName",
          "type": "string",
          "required": true,
          "array": false,
          "size": 100,
          "default": null,
          "encrypt": false
        },
        {
          "key": "firstNameAr",
          "type": "string",
          "required": false,
          "array": false,
          "size": 100,
          "default": null,
          "encrypt": false
        },
        {
          "key": "lastNameAr",
          "type": "string",
          "required": false,
          "array": false,
          "size": 100,
          "default": null,
          "encrypt": false
        },
        {
          "key": "email",
          "type": "string",
          "required": false,
          "array": false,
          "format": "email",
          "default": null
        },
        {
          "key": "phone",
          "type": "string",
          "required": false,
          "array": false,
          "size": 20,
          "default": null,
          "encrypt": false
        },
        {
          "key": "birthDate",
          "type": "datetime",
          "required": false,
          "array": false,
          "format": "",
          "default": null
        },
        {
          "key": "birthPlace",
          "type": "string",
          "required": false,
          "array": false,
          "size": 100,
          "default": null,
          "encrypt": false
        },
        {
          "key": "gender",
          "type": "string",
          "required": false,
          "array": false,
          "size": 10,
          "default": null,
          "encrypt": false
        },
        {
          "key": "nationality",
          "type": "string",
          "required": false,
          "array": false,
          "size": 50,
          "default": null,
          "encrypt": false
        },
        {
          "key": "address",
          "type": "string",
          "required": false,
          "array": false,
          "size": 500,
          "default": null,
          "encrypt": false
        },
        {
          "key": "filiereId",
          "type": "string",
          "required": false,
          "array": false,
          "size": 64,
          "default": null,
          "encrypt": false
        },
        {
          "key": "etapeId",
          "type": "string",
          "required": false,
          "array": false,
          "size": 64,
          "default": null,
          "encrypt": false
        },
        {
          "key": "academicYearId",
          "type": "string",
          "required": false,
          "array": false,
          "size": 64,
          "default": null,
          "encrypt": false
        },
        {
          "key": "registrationDate",
          "type": "datetime",
          "required": false,
          "array": false,
          "format": "",
          "default": null
        },
        {
          "key": "status",
          "type": "string",
          "required": false,
          "array": false,
          "size": 30,
          "default": null,
          "encrypt": false
        },
        {
          "key": "bacYear",
          "type": "integer",
          "required": false,
          "array": false,
          "min": null,
          "max": null,
          "default": null
        },
        {
          "key": "bacSeries",
          "type": "string",
          "required": false,
          "array": false,
          "size": 50,
          "default": null,
          "encrypt": false
        },
        {
          "key": "bacMention",
          "type": "string",
          "required": false,
          "array": false,
          "size": 30,
          "default": null,
          "encrypt": false
        },
        {
          "key": "photoFileId",
          "type": "string",
          "required": false,
          "array": false,
          "size": 255,
          "default": null,
          "encrypt": false
        }
      ],
      "indexes": [
        {
          "key": "idx_createdBy",
          "type": "key",
          "status": "available",
          "attributes": ["createdBy"],
          "orders": ["ASC"]
        },
        {
          "key": "idx_cne",
          "type": "unique",
          "status": "available",
          "attributes": ["cne"],
          "orders": ["ASC"]
        },
        {
          "key": "idx_apogeeCode",
          "type": "key",
          "status": "available",
          "attributes": ["apogeeCode"],
          "orders": ["ASC"]
        },
        {
          "key": "idx_filiereId",
          "type": "key",
          "status": "available",
          "attributes": ["filiereId"],
          "orders": ["ASC"]
        },
        {
          "key": "idx_etapeId",
          "type": "key",
          "status": "available",
          "attributes": ["etapeId"],
          "orders": ["ASC"]
        },
        {
          "key": "idx_academicYearId",
          "type": "key",
          "status": "available",
          "attributes": ["academicYearId"],
          "orders": ["ASC"]
        }
      ]
    },
    {
      "$id": "academic_years",
      "$permissions": [],
      "databaseId": "imagine-project-db",
      "name": "academic_years",
      "enabled": true,
      "documentSecurity": true,
      "attributes": [
        {
          "key": "createdBy",
          "type": "string",
          "required": true,
          "array": false,
          "size": 64,
          "default": null,
          "encrypt": false
        },
        {
          "key": "label",
          "type": "string",
          "required": true,
          "array": false,
          "size": 50,
          "default": null,
          "encrypt": false
        },
        {
          "key": "startDate",
          "type": "datetime",
          "required": false,
          "array": false,
          "format": "",
          "default": null
        },
        {
          "key": "endDate",
          "type": "datetime",
          "required": false,
          "array": false,
          "format": "",
          "default": null
        },
        {
          "key": "isCurrent",
          "type": "boolean",
          "required": false,
          "array": false,
          "default": false
        }
      ],
      "indexes": [
        {
          "key": "idx_createdBy",
          "type": "key",
          "status": "available",
          "attributes": ["createdBy"],
          "orders": ["ASC"]
        },
        {
          "key": "idx_isCurrent",
          "type": "key",
          "status": "available",
          "attributes": ["isCurrent"],
          "orders": ["ASC"]
        }
      ]
    },
    {
      "$id": "sessions",
      "$permissions": [],
      "databaseId": "imagine-project-db",
      "name": "sessions",
      "enabled": true,
      "documentSecurity": true,
      "attributes": [
        {
          "key": "createdBy",
          "type": "string",
          "required": true,
          "array": false,
          "size": 64,
          "default": null,
          "encrypt": false
        },
        {
          "key": "label",
          "type": "string",
          "required": true,
          "array": false,
          "size": 100,
          "default": null,
          "encrypt": false
        },
        {
          "key": "code",
          "type": "string",
          "required": true,
          "array": false,
          "size": 20,
          "default": null,
          "encrypt": false
        },
        {
          "key": "academicYearId",
          "type": "string",
          "required": true,
          "array": false,
          "size": 64,
          "default": null,
          "encrypt": false
        },
        {
          "key": "type",
          "type": "string",
          "required": false,
          "array": false,
          "size": 30,
          "default": null,
          "encrypt": false
        },
        {
          "key": "startDate",
          "type": "datetime",
          "required": false,
          "array": false,
          "format": "",
          "default": null
        },
        {
          "key": "endDate",
          "type": "datetime",
          "required": false,
          "array": false,
          "format": "",
          "default": null
        },
        {
          "key": "isActive",
          "type": "boolean",
          "required": false,
          "array": false,
          "default": true
        }
      ],
      "indexes": [
        {
          "key": "idx_createdBy",
          "type": "key",
          "status": "available",
          "attributes": ["createdBy"],
          "orders": ["ASC"]
        },
        {
          "key": "idx_academicYearId",
          "type": "key",
          "status": "available",
          "attributes": ["academicYearId"],
          "orders": ["ASC"]
        }
      ]
    },
    {
      "$id": "departments",
      "$permissions": [],
      "databaseId": "imagine-project-db",
      "name": "departments",
      "enabled": true,
      "documentSecurity": true,
      "attributes": [
        {
          "key": "createdBy",
          "type": "string",
          "required": true,
          "array": false,
          "size": 64,
          "default": null,
          "encrypt": false
        },
        {
          "key": "name",
          "type": "string",
          "required": true,
          "array": false,
          "size": 200,
          "default": null,
          "encrypt": false
        },
        {
          "key": "code",
          "type": "string",
          "required": true,
          "array": false,
          "size": 20,
          "default": null,
          "encrypt": false
        },
        {
          "key": "description",
          "type": "string",
          "required": false,
          "array": false,
          "size": 500,
          "default": null,
          "encrypt": false
        }
      ],
      "indexes": [
        {
          "key": "idx_createdBy",
          "type": "key",
          "status": "available",
          "attributes": ["createdBy"],
          "orders": ["ASC"]
        },
        {
          "key": "idx_code",
          "type": "unique",
          "status": "available",
          "attributes": ["code"],
          "orders": ["ASC"]
        }
      ]
    },
    {
      "$id": "cycles",
      "$permissions": [],
      "databaseId": "imagine-project-db",
      "name": "cycles",
      "enabled": true,
      "documentSecurity": true,
      "attributes": [
        {
          "key": "createdBy",
          "type": "string",
          "required": true,
          "array": false,
          "size": 64,
          "default": null,
          "encrypt": false
        },
        {
          "key": "name",
          "type": "string",
          "required": true,
          "array": false,
          "size": 100,
          "default": null,
          "encrypt": false
        },
        {
          "key": "code",
          "type": "string",
          "required": true,
          "array": false,
          "size": 20,
          "default": null,
          "encrypt": false
        },
        {
          "key": "duration",
          "type": "integer",
          "required": false,
          "array": false,
          "min": null,
          "max": null,
          "default": null
        }
      ],
      "indexes": [
        {
          "key": "idx_createdBy",
          "type": "key",
          "status": "available",
          "attributes": ["createdBy"],
          "orders": ["ASC"]
        },
        {
          "key": "idx_code",
          "type": "unique",
          "status": "available",
          "attributes": ["code"],
          "orders": ["ASC"]
        }
      ]
    },
    {
      "$id": "component_types",
      "$permissions": [],
      "databaseId": "imagine-project-db",
      "name": "component_types",
      "enabled": true,
      "documentSecurity": true,
      "attributes": [
        {
          "key": "createdBy",
          "type": "string",
          "required": true,
          "array": false,
          "size": 64,
          "default": null,
          "encrypt": false
        },
        {
          "key": "name",
          "type": "string",
          "required": true,
          "array": false,
          "size": 100,
          "default": null,
          "encrypt": false
        },
        {
          "key": "code",
          "type": "string",
          "required": true,
          "array": false,
          "size": 20,
          "default": null,
          "encrypt": false
        }
      ],
      "indexes": [
        {
          "key": "idx_createdBy",
          "type": "key",
          "status": "available",
          "attributes": ["createdBy"],
          "orders": ["ASC"]
        }
      ]
    },
    {
      "$id": "components",
      "$permissions": [],
      "databaseId": "imagine-project-db",
      "name": "components",
      "enabled": true,
      "documentSecurity": true,
      "attributes": [
        {
          "key": "createdBy",
          "type": "string",
          "required": true,
          "array": false,
          "size": 64,
          "default": null,
          "encrypt": false
        },
        {
          "key": "name",
          "type": "string",
          "required": true,
          "array": false,
          "size": 200,
          "default": null,
          "encrypt": false
        },
        {
          "key": "code",
          "type": "string",
          "required": true,
          "array": false,
          "size": 20,
          "default": null,
          "encrypt": false
        },
        {
          "key": "componentTypeId",
          "type": "string",
          "required": false,
          "array": false,
          "size": 64,
          "default": null,
          "encrypt": false
        },
        {
          "key": "departmentId",
          "type": "string",
          "required": false,
          "array": false,
          "size": 64,
          "default": null,
          "encrypt": false
        }
      ],
      "indexes": [
        {
          "key": "idx_createdBy",
          "type": "key",
          "status": "available",
          "attributes": ["createdBy"],
          "orders": ["ASC"]
        },
        {
          "key": "idx_code",
          "type": "unique",
          "status": "available",
          "attributes": ["code"],
          "orders": ["ASC"]
        }
      ]
    },
    {
      "$id": "etapes",
      "$permissions": [],
      "databaseId": "imagine-project-db",
      "name": "etapes",
      "enabled": true,
      "documentSecurity": true,
      "attributes": [
        {
          "key": "createdBy",
          "type": "string",
          "required": true,
          "array": false,
          "size": 64,
          "default": null,
          "encrypt": false
        },
        {
          "key": "name",
          "type": "string",
          "required": true,
          "array": false,
          "size": 200,
          "default": null,
          "encrypt": false
        },
        {
          "key": "code",
          "type": "string",
          "required": true,
          "array": false,
          "size": 30,
          "default": null,
          "encrypt": false
        },
        {
          "key": "filiereId",
          "type": "string",
          "required": true,
          "array": false,
          "size": 64,
          "default": null,
          "encrypt": false
        },
        {
          "key": "level",
          "type": "integer",
          "required": false,
          "array": false,
          "min": null,
          "max": null,
          "default": null
        },
        {
          "key": "apogeeCode",
          "type": "string",
          "required": false,
          "array": false,
          "size": 50,
          "default": null,
          "encrypt": false
        }
      ],
      "indexes": [
        {
          "key": "idx_createdBy",
          "type": "key",
          "status": "available",
          "attributes": ["createdBy"],
          "orders": ["ASC"]
        },
        {
          "key": "idx_filiereId",
          "type": "key",
          "status": "available",
          "attributes": ["filiereId"],
          "orders": ["ASC"]
        },
        {
          "key": "idx_code",
          "type": "unique",
          "status": "available",
          "attributes": ["code"],
          "orders": ["ASC"]
        }
      ]
    },
    {
      "$id": "filieres",
      "$permissions": [],
      "databaseId": "imagine-project-db",
      "name": "filieres",
      "enabled": true,
      "documentSecurity": true,
      "attributes": [
        {
          "key": "createdBy",
          "type": "string",
          "required": true,
          "array": false,
          "size": 64,
          "default": null,
          "encrypt": false
        },
        {
          "key": "name",
          "type": "string",
          "required": true,
          "array": false,
          "size": 200,
          "default": null,
          "encrypt": false
        },
        {
          "key": "code",
          "type": "string",
          "required": true,
          "array": false,
          "size": 30,
          "default": null,
          "encrypt": false
        },
        {
          "key": "cycleId",
          "type": "string",
          "required": false,
          "array": false,
          "size": 64,
          "default": null,
          "encrypt": false
        },
        {
          "key": "componentId",
          "type": "string",
          "required": false,
          "array": false,
          "size": 64,
          "default": null,
          "encrypt": false
        },
        {
          "key": "departmentId",
          "type": "string",
          "required": false,
          "array": false,
          "size": 64,
          "default": null,
          "encrypt": false
        },
        {
          "key": "apogeeCode",
          "type": "string",
          "required": false,
          "array": false,
          "size": 50,
          "default": null,
          "encrypt": false
        },
        {
          "key": "description",
          "type": "string",
          "required": false,
          "array": false,
          "size": 1000,
          "default": null,
          "encrypt": false
        }
      ],
      "indexes": [
        {
          "key": "idx_createdBy",
          "type": "key",
          "status": "available",
          "attributes": ["createdBy"],
          "orders": ["ASC"]
        },
        {
          "key": "idx_code",
          "type": "unique",
          "status": "available",
          "attributes": ["code"],
          "orders": ["ASC"]
        },
        {
          "key": "idx_cycleId",
          "type": "key",
          "status": "available",
          "attributes": ["cycleId"],
          "orders": ["ASC"]
        }
      ]
    },
    {
      "$id": "element_types",
      "$permissions": [],
      "databaseId": "imagine-project-db",
      "name": "element_types",
      "enabled": true,
      "documentSecurity": true,
      "attributes": [
        {
          "key": "createdBy",
          "type": "string",
          "required": true,
          "array": false,
          "size": 64,
          "default": null,
          "encrypt": false
        },
        {
          "key": "name",
          "type": "string",
          "required": true,
          "array": false,
          "size": 100,
          "default": null,
          "encrypt": false
        },
        {
          "key": "code",
          "type": "string",
          "required": true,
          "array": false,
          "size": 20,
          "default": null,
          "encrypt": false
        }
      ],
      "indexes": [
        {
          "key": "idx_createdBy",
          "type": "key",
          "status": "available",
          "attributes": ["createdBy"],
          "orders": ["ASC"]
        }
      ]
    },
    {
      "$id": "elp_years",
      "$permissions": [],
      "databaseId": "imagine-project-db",
      "name": "elp_years",
      "enabled": true,
      "documentSecurity": true,
      "attributes": [
        {
          "key": "createdBy",
          "type": "string",
          "required": true,
          "array": false,
          "size": 64,
          "default": null,
          "encrypt": false
        },
        {
          "key": "name",
          "type": "string",
          "required": true,
          "array": false,
          "size": 100,
          "default": null,
          "encrypt": false
        },
        {
          "key": "code",
          "type": "string",
          "required": true,
          "array": false,
          "size": 20,
          "default": null,
          "encrypt": false
        },
        {
          "key": "filiereId",
          "type": "string",
          "required": false,
          "array": false,
          "size": 64,
          "default": null,
          "encrypt": false
        }
      ],
      "indexes": [
        {
          "key": "idx_createdBy",
          "type": "key",
          "status": "available",
          "attributes": ["createdBy"],
          "orders": ["ASC"]
        },
        {
          "key": "idx_filiereId",
          "type": "key",
          "status": "available",
          "attributes": ["filiereId"],
          "orders": ["ASC"]
        }
      ]
    },
    {
      "$id": "semesters",
      "$permissions": [],
      "databaseId": "imagine-project-db",
      "name": "semesters",
      "enabled": true,
      "documentSecurity": true,
      "attributes": [
        {
          "key": "createdBy",
          "type": "string",
          "required": true,
          "array": false,
          "size": 64,
          "default": null,
          "encrypt": false
        },
        {
          "key": "name",
          "type": "string",
          "required": true,
          "array": false,
          "size": 100,
          "default": null,
          "encrypt": false
        },
        {
          "key": "code",
          "type": "string",
          "required": true,
          "array": false,
          "size": 20,
          "default": null,
          "encrypt": false
        },
        {
          "key": "elpYearId",
          "type": "string",
          "required": false,
          "array": false,
          "size": 64,
          "default": null,
          "encrypt": false
        },
        {
          "key": "etapeId",
          "type": "string",
          "required": false,
          "array": false,
          "size": 64,
          "default": null,
          "encrypt": false
        },
        {
          "key": "order",
          "type": "integer",
          "required": false,
          "array": false,
          "min": null,
          "max": null,
          "default": null
        }
      ],
      "indexes": [
        {
          "key": "idx_createdBy",
          "type": "key",
          "status": "available",
          "attributes": ["createdBy"],
          "orders": ["ASC"]
        },
        {
          "key": "idx_etapeId",
          "type": "key",
          "status": "available",
          "attributes": ["etapeId"],
          "orders": ["ASC"]
        }
      ]
    },
    {
      "$id": "ensembles",
      "$permissions": [],
      "databaseId": "imagine-project-db",
      "name": "ensembles",
      "enabled": true,
      "documentSecurity": true,
      "attributes": [
        {
          "key": "createdBy",
          "type": "string",
          "required": true,
          "array": false,
          "size": 64,
          "default": null,
          "encrypt": false
        },
        {
          "key": "name",
          "type": "string",
          "required": true,
          "array": false,
          "size": 200,
          "default": null,
          "encrypt": false
        },
        {
          "key": "code",
          "type": "string",
          "required": true,
          "array": false,
          "size": 30,
          "default": null,
          "encrypt": false
        },
        {
          "key": "semesterId",
          "type": "string",
          "required": false,
          "array": false,
          "size": 64,
          "default": null,
          "encrypt": false
        },
        {
          "key": "apogeeCode",
          "type": "string",
          "required": false,
          "array": false,
          "size": 50,
          "default": null,
          "encrypt": false
        },
        {
          "key": "coefficient",
          "type": "double",
          "required": false,
          "array": false,
          "min": null,
          "max": null,
          "default": null
        }
      ],
      "indexes": [
        {
          "key": "idx_createdBy",
          "type": "key",
          "status": "available",
          "attributes": ["createdBy"],
          "orders": ["ASC"]
        },
        {
          "key": "idx_semesterId",
          "type": "key",
          "status": "available",
          "attributes": ["semesterId"],
          "orders": ["ASC"]
        }
      ]
    },
    {
      "$id": "modules",
      "$permissions": [],
      "databaseId": "imagine-project-db",
      "name": "modules",
      "enabled": true,
      "documentSecurity": true,
      "attributes": [
        {
          "key": "createdBy",
          "type": "string",
          "required": true,
          "array": false,
          "size": 64,
          "default": null,
          "encrypt": false
        },
        {
          "key": "name",
          "type": "string",
          "required": true,
          "array": false,
          "size": 200,
          "default": null,
          "encrypt": false
        },
        {
          "key": "code",
          "type": "string",
          "required": true,
          "array": false,
          "size": 30,
          "default": null,
          "encrypt": false
        },
        {
          "key": "ensembleId",
          "type": "string",
          "required": false,
          "array": false,
          "size": 64,
          "default": null,
          "encrypt": false
        },
        {
          "key": "semesterId",
          "type": "string",
          "required": false,
          "array": false,
          "size": 64,
          "default": null,
          "encrypt": false
        },
        {
          "key": "apogeeCode",
          "type": "string",
          "required": false,
          "array": false,
          "size": 50,
          "default": null,
          "encrypt": false
        },
        {
          "key": "coefficient",
          "type": "double",
          "required": false,
          "array": false,
          "min": null,
          "max": null,
          "default": null
        },
        {
          "key": "credits",
          "type": "integer",
          "required": false,
          "array": false,
          "min": null,
          "max": null,
          "default": null
        }
      ],
      "indexes": [
        {
          "key": "idx_createdBy",
          "type": "key",
          "status": "available",
          "attributes": ["createdBy"],
          "orders": ["ASC"]
        },
        {
          "key": "idx_ensembleId",
          "type": "key",
          "status": "available",
          "attributes": ["ensembleId"],
          "orders": ["ASC"]
        },
        {
          "key": "idx_semesterId",
          "type": "key",
          "status": "available",
          "attributes": ["semesterId"],
          "orders": ["ASC"]
        }
      ]
    },
    {
      "$id": "module_elements",
      "$permissions": [],
      "databaseId": "imagine-project-db",
      "name": "module_elements",
      "enabled": true,
      "documentSecurity": true,
      "attributes": [
        {
          "key": "createdBy",
          "type": "string",
          "required": true,
          "array": false,
          "size": 64,
          "default": null,
          "encrypt": false
        },
        {
          "key": "name",
          "type": "string",
          "required": true,
          "array": false,
          "size": 200,
          "default": null,
          "encrypt": false
        },
        {
          "key": "code",
          "type": "string",
          "required": true,
          "array": false,
          "size": 30,
          "default": null,
          "encrypt": false
        },
        {
          "key": "moduleId",
          "type": "string",
          "required": true,
          "array": false,
          "size": 64,
          "default": null,
          "encrypt": false
        },
        {
          "key": "apogeeCode",
          "type": "string",
          "required": false,
          "array": false,
          "size": 50,
          "default": null,
          "encrypt": false
        },
        {
          "key": "coefficient",
          "type": "double",
          "required": false,
          "array": false,
          "min": null,
          "max": null,
          "default": null
        },
        {
          "key": "elementTypeId",
          "type": "string",
          "required": false,
          "array": false,
          "size": 64,
          "default": null,
          "encrypt": false
        }
      ],
      "indexes": [
        {
          "key": "idx_createdBy",
          "type": "key",
          "status": "available",
          "attributes": ["createdBy"],
          "orders": ["ASC"]
        },
        {
          "key": "idx_moduleId",
          "type": "key",
          "status": "available",
          "attributes": ["moduleId"],
          "orders": ["ASC"]
        }
      ]
    },
    {
      "$id": "exam_rooms",
      "$permissions": [],
      "databaseId": "imagine-project-db",
      "name": "exam_rooms",
      "enabled": true,
      "documentSecurity": true,
      "attributes": [
        {
          "key": "createdBy",
          "type": "string",
          "required": true,
          "array": false,
          "size": 64,
          "default": null,
          "encrypt": false
        },
        {
          "key": "name",
          "type": "string",
          "required": true,
          "array": false,
          "size": 100,
          "default": null,
          "encrypt": false
        },
        {
          "key": "code",
          "type": "string",
          "required": true,
          "array": false,
          "size": 20,
          "default": null,
          "encrypt": false
        },
        {
          "key": "capacity",
          "type": "integer",
          "required": false,
          "array": false,
          "min": null,
          "max": null,
          "default": null
        },
        {
          "key": "building",
          "type": "string",
          "required": false,
          "array": false,
          "size": 100,
          "default": null,
          "encrypt": false
        },
        {
          "key": "floor",
          "type": "string",
          "required": false,
          "array": false,
          "size": 20,
          "default": null,
          "encrypt": false
        },
        {
          "key": "isActive",
          "type": "boolean",
          "required": false,
          "array": false,
          "default": true
        }
      ],
      "indexes": [
        {
          "key": "idx_createdBy",
          "type": "key",
          "status": "available",
          "attributes": ["createdBy"],
          "orders": ["ASC"]
        },
        {
          "key": "idx_code",
          "type": "unique",
          "status": "available",
          "attributes": ["code"],
          "orders": ["ASC"]
        }
      ]
    },
    {
      "$id": "exam_plannings",
      "$permissions": [],
      "databaseId": "imagine-project-db",
      "name": "exam_plannings",
      "enabled": true,
      "documentSecurity": true,
      "attributes": [
        {
          "key": "createdBy",
          "type": "string",
          "required": true,
          "array": false,
          "size": 64,
          "default": null,
          "encrypt": false
        },
        {
          "key": "name",
          "type": "string",
          "required": true,
          "array": false,
          "size": 200,
          "default": null,
          "encrypt": false
        },
        {
          "key": "sessionId",
          "type": "string",
          "required": true,
          "array": false,
          "size": 64,
          "default": null,
          "encrypt": false
        },
        {
          "key": "academicYearId",
          "type": "string",
          "required": true,
          "array": false,
          "size": 64,
          "default": null,
          "encrypt": false
        },
        {
          "key": "startDate",
          "type": "datetime",
          "required": false,
          "array": false,
          "format": "",
          "default": null
        },
        {
          "key": "endDate",
          "type": "datetime",
          "required": false,
          "array": false,
          "format": "",
          "default": null
        },
        {
          "key": "status",
          "type": "string",
          "required": false,
          "array": false,
          "size": 30,
          "default": null,
          "encrypt": false
        }
      ],
      "indexes": [
        {
          "key": "idx_createdBy",
          "type": "key",
          "status": "available",
          "attributes": ["createdBy"],
          "orders": ["ASC"]
        },
        {
          "key": "idx_sessionId",
          "type": "key",
          "status": "available",
          "attributes": ["sessionId"],
          "orders": ["ASC"]
        }
      ]
    },
    {
      "$id": "exam_sessions",
      "$permissions": [],
      "databaseId": "imagine-project-db",
      "name": "exam_sessions",
      "enabled": true,
      "documentSecurity": true,
      "attributes": [
        {
          "key": "createdBy",
          "type": "string",
          "required": true,
          "array": false,
          "size": 64,
          "default": null,
          "encrypt": false
        },
        {
          "key": "planningId",
          "type": "string",
          "required": true,
          "array": false,
          "size": 64,
          "default": null,
          "encrypt": false
        },
        {
          "key": "moduleElementId",
          "type": "string",
          "required": false,
          "array": false,
          "size": 64,
          "default": null,
          "encrypt": false
        },
        {
          "key": "moduleId",
          "type": "string",
          "required": false,
          "array": false,
          "size": 64,
          "default": null,
          "encrypt": false
        },
        {
          "key": "examDate",
          "type": "datetime",
          "required": true,
          "array": false,
          "format": "",
          "default": null
        },
        {
          "key": "startTime",
          "type": "string",
          "required": true,
          "array": false,
          "size": 10,
          "default": null,
          "encrypt": false
        },
        {
          "key": "endTime",
          "type": "string",
          "required": true,
          "array": false,
          "size": 10,
          "default": null,
          "encrypt": false
        },
        {
          "key": "duration",
          "type": "integer",
          "required": false,
          "array": false,
          "min": null,
          "max": null,
          "default": null
        },
        {
          "key": "roomIds",
          "type": "string",
          "required": false,
          "array": true,
          "size": 64,
          "default": null,
          "encrypt": false
        },
        {
          "key": "supervisorIds",
          "type": "string",
          "required": false,
          "array": true,
          "size": 64,
          "default": null,
          "encrypt": false
        },
        {
          "key": "coordinatorId",
          "type": "string",
          "required": false,
          "array": false,
          "size": 64,
          "default": null,
          "encrypt": false
        },
        {
          "key": "status",
          "type": "string",
          "required": false,
          "array": false,
          "size": 30,
          "default": null,
          "encrypt": false
        }
      ],
      "indexes": [
        {
          "key": "idx_createdBy",
          "type": "key",
          "status": "available",
          "attributes": ["createdBy"],
          "orders": ["ASC"]
        },
        {
          "key": "idx_planningId",
          "type": "key",
          "status": "available",
          "attributes": ["planningId"],
          "orders": ["ASC"]
        },
        {
          "key": "idx_examDate",
          "type": "key",
          "status": "available",
          "attributes": ["examDate"],
          "orders": ["ASC"]
        }
      ]
    },
    {
      "$id": "exam_student_assignments",
      "$permissions": [],
      "databaseId": "imagine-project-db",
      "name": "exam_student_assignments",
      "enabled": true,
      "documentSecurity": true,
      "attributes": [
        {
          "key": "createdBy",
          "type": "string",
          "required": true,
          "array": false,
          "size": 64,
          "default": null,
          "encrypt": false
        },
        {
          "key": "examSessionId",
          "type": "string",
          "required": true,
          "array": false,
          "size": 64,
          "default": null,
          "encrypt": false
        },
        {
          "key": "studentId",
          "type": "string",
          "required": true,
          "array": false,
          "size": 64,
          "default": null,
          "encrypt": false
        },
        {
          "key": "roomId",
          "type": "string",
          "required": false,
          "array": false,
          "size": 64,
          "default": null,
          "encrypt": false
        },
        {
          "key": "seatNumber",
          "type": "string",
          "required": false,
          "array": false,
          "size": 20,
          "default": null,
          "encrypt": false
        },
        {
          "key": "isPresent",
          "type": "boolean",
          "required": false,
          "array": false,
          "default": null
        },
        {
          "key": "attendanceTime",
          "type": "datetime",
          "required": false,
          "array": false,
          "format": "",
          "default": null
        },
        {
          "key": "remarks",
          "type": "string",
          "required": false,
          "array": false,
          "size": 500,
          "default": null,
          "encrypt": false
        }
      ],
      "indexes": [
        {
          "key": "idx_createdBy",
          "type": "key",
          "status": "available",
          "attributes": ["createdBy"],
          "orders": ["ASC"]
        },
        {
          "key": "idx_examSessionId",
          "type": "key",
          "status": "available",
          "attributes": ["examSessionId"],
          "orders": ["ASC"]
        },
        {
          "key": "idx_studentId",
          "type": "key",
          "status": "available",
          "attributes": ["studentId"],
          "orders": ["ASC"]
        }
      ]
    },
    {
      "$id": "semester_ie_params",
      "$permissions": [],
      "databaseId": "imagine-project-db",
      "name": "semester_ie_params",
      "enabled": true,
      "documentSecurity": true,
      "attributes": [
        {
          "key": "createdBy",
          "type": "string",
          "required": true,
          "array": false,
          "size": 64,
          "default": null,
          "encrypt": false
        },
        {
          "key": "semesterId",
          "type": "string",
          "required": true,
          "array": false,
          "size": 64,
          "default": null,
          "encrypt": false
        },
        {
          "key": "sessionId",
          "type": "string",
          "required": true,
          "array": false,
          "size": 64,
          "default": null,
          "encrypt": false
        },
        {
          "key": "startDate",
          "type": "datetime",
          "required": false,
          "array": false,
          "format": "",
          "default": null
        },
        {
          "key": "endDate",
          "type": "datetime",
          "required": false,
          "array": false,
          "format": "",
          "default": null
        },
        {
          "key": "isActive",
          "type": "boolean",
          "required": false,
          "array": false,
          "default": true
        }
      ],
      "indexes": [
        {
          "key": "idx_createdBy",
          "type": "key",
          "status": "available",
          "attributes": ["createdBy"],
          "orders": ["ASC"]
        },
        {
          "key": "idx_semesterId",
          "type": "key",
          "status": "available",
          "attributes": ["semesterId"],
          "orders": ["ASC"]
        }
      ]
    },
    {
      "$id": "grades",
      "$permissions": [],
      "databaseId": "imagine-project-db",
      "name": "grades",
      "enabled": true,
      "documentSecurity": true,
      "attributes": [
        {
          "key": "createdBy",
          "type": "string",
          "required": true,
          "array": false,
          "size": 64,
          "default": null,
          "encrypt": false
        },
        {
          "key": "studentId",
          "type": "string",
          "required": true,
          "array": false,
          "size": 64,
          "default": null,
          "encrypt": false
        },
        {
          "key": "moduleElementId",
          "type": "string",
          "required": false,
          "array": false,
          "size": 64,
          "default": null,
          "encrypt": false
        },
        {
          "key": "moduleId",
          "type": "string",
          "required": false,
          "array": false,
          "size": 64,
          "default": null,
          "encrypt": false
        },
        {
          "key": "sessionId",
          "type": "string",
          "required": true,
          "array": false,
          "size": 64,
          "default": null,
          "encrypt": false
        },
        {
          "key": "academicYearId",
          "type": "string",
          "required": true,
          "array": false,
          "size": 64,
          "default": null,
          "encrypt": false
        },
        {
          "key": "grade",
          "type": "double",
          "required": false,
          "array": false,
          "min": null,
          "max": null,
          "default": null
        },
        {
          "key": "gradeStatus",
          "type": "string",
          "required": false,
          "array": false,
          "size": 30,
          "default": null,
          "encrypt": false
        },
        {
          "key": "isAbsent",
          "type": "boolean",
          "required": false,
          "array": false,
          "default": false
        },
        {
          "key": "isFraud",
          "type": "boolean",
          "required": false,
          "array": false,
          "default": false
        },
        {
          "key": "isPublished",
          "type": "boolean",
          "required": false,
          "array": false,
          "default": false
        },
        {
          "key": "publishedAt",
          "type": "datetime",
          "required": false,
          "array": false,
          "format": "",
          "default": null
        },
        {
          "key": "enteredBy",
          "type": "string",
          "required": false,
          "array": false,
          "size": 64,
          "default": null,
          "encrypt": false
        },
        {
          "key": "validatedBy",
          "type": "string",
          "required": false,
          "array": false,
          "size": 64,
          "default": null,
          "encrypt": false
        },
        {
          "key": "validatedAt",
          "type": "datetime",
          "required": false,
          "array": false,
          "format": "",
          "default": null
        }
      ],
      "indexes": [
        {
          "key": "idx_createdBy",
          "type": "key",
          "status": "available",
          "attributes": ["createdBy"],
          "orders": ["ASC"]
        },
        {
          "key": "idx_studentId",
          "type": "key",
          "status": "available",
          "attributes": ["studentId"],
          "orders": ["ASC"]
        },
        {
          "key": "idx_sessionId",
          "type": "key",
          "status": "available",
          "attributes": ["sessionId"],
          "orders": ["ASC"]
        },
        {
          "key": "idx_moduleId",
          "type": "key",
          "status": "available",
          "attributes": ["moduleId"],
          "orders": ["ASC"]
        }
      ]
    },
    {
      "$id": "result_types",
      "$permissions": [],
      "databaseId": "imagine-project-db",
      "name": "result_types",
      "enabled": true,
      "documentSecurity": true,
      "attributes": [
        {
          "key": "createdBy",
          "type": "string",
          "required": true,
          "array": false,
          "size": 64,
          "default": null,
          "encrypt": false
        },
        {
          "key": "name",
          "type": "string",
          "required": true,
          "array": false,
          "size": 100,
          "default": null,
          "encrypt": false
        },
        {
          "key": "code",
          "type": "string",
          "required": true,
          "array": false,
          "size": 20,
          "default": null,
          "encrypt": false
        },
        {
          "key": "description",
          "type": "string",
          "required": false,
          "array": false,
          "size": 500,
          "default": null,
          "encrypt": false
        }
      ],
      "indexes": [
        {
          "key": "idx_createdBy",
          "type": "key",
          "status": "available",
          "attributes": ["createdBy"],
          "orders": ["ASC"]
        }
      ]
    },
    {
      "$id": "sanctions",
      "$permissions": [],
      "databaseId": "imagine-project-db",
      "name": "sanctions",
      "enabled": true,
      "documentSecurity": true,
      "attributes": [
        {
          "key": "createdBy",
          "type": "string",
          "required": true,
          "array": false,
          "size": 64,
          "default": null,
          "encrypt": false
        },
        {
          "key": "studentId",
          "type": "string",
          "required": true,
          "array": false,
          "size": 64,
          "default": null,
          "encrypt": false
        },
        {
          "key": "examSessionId",
          "type": "string",
          "required": false,
          "array": false,
          "size": 64,
          "default": null,
          "encrypt": false
        },
        {
          "key": "type",
          "type": "string",
          "required": true,
          "array": false,
          "size": 50,
          "default": null,
          "encrypt": false
        },
        {
          "key": "reason",
          "type": "string",
          "required": true,
          "array": false,
          "size": 1000,
          "default": null,
          "encrypt": false
        },
        {
          "key": "decision",
          "type": "string",
          "required": false,
          "array": false,
          "size": 1000,
          "default": null,
          "encrypt": false
        },
        {
          "key": "startDate",
          "type": "datetime",
          "required": false,
          "array": false,
          "format": "",
          "default": null
        },
        {
          "key": "endDate",
          "type": "datetime",
          "required": false,
          "array": false,
          "format": "",
          "default": null
        },
        {
          "key": "status",
          "type": "string",
          "required": false,
          "array": false,
          "size": 30,
          "default": null,
          "encrypt": false
        },
        {
          "key": "decidedBy",
          "type": "string",
          "required": false,
          "array": false,
          "size": 64,
          "default": null,
          "encrypt": false
        }
      ],
      "indexes": [
        {
          "key": "idx_createdBy",
          "type": "key",
          "status": "available",
          "attributes": ["createdBy"],
          "orders": ["ASC"]
        },
        {
          "key": "idx_studentId",
          "type": "key",
          "status": "available",
          "attributes": ["studentId"],
          "orders": ["ASC"]
        }
      ]
    },
    {
      "$id": "grade_claims",
      "$permissions": [],
      "databaseId": "imagine-project-db",
      "name": "grade_claims",
      "enabled": true,
      "documentSecurity": true,
      "attributes": [
        {
          "key": "createdBy",
          "type": "string",
          "required": true,
          "array": false,
          "size": 64,
          "default": null,
          "encrypt": false
        },
        {
          "key": "studentId",
          "type": "string",
          "required": true,
          "array": false,
          "size": 64,
          "default": null,
          "encrypt": false
        },
        {
          "key": "gradeId",
          "type": "string",
          "required": true,
          "array": false,
          "size": 64,
          "default": null,
          "encrypt": false
        },
        {
          "key": "claimTypeId",
          "type": "string",
          "required": false,
          "array": false,
          "size": 64,
          "default": null,
          "encrypt": false
        },
        {
          "key": "description",
          "type": "string",
          "required": true,
          "array": false,
          "size": 2000,
          "default": null,
          "encrypt": false
        },
        {
          "key": "status",
          "type": "string",
          "required": false,
          "array": false,
          "size": 30,
          "default": null,
          "encrypt": false
        },
        {
          "key": "response",
          "type": "string",
          "required": false,
          "array": false,
          "size": 2000,
          "default": null,
          "encrypt": false
        },
        {
          "key": "processedBy",
          "type": "string",
          "required": false,
          "array": false,
          "size": 64,
          "default": null,
          "encrypt": false
        },
        {
          "key": "processedAt",
          "type": "datetime",
          "required": false,
          "array": false,
          "format": "",
          "default": null
        },
        {
          "key": "newGrade",
          "type": "double",
          "required": false,
          "array": false,
          "min": null,
          "max": null,
          "default": null
        }
      ],
      "indexes": [
        {
          "key": "idx_createdBy",
          "type": "key",
          "status": "available",
          "attributes": ["createdBy"],
          "orders": ["ASC"]
        },
        {
          "key": "idx_studentId",
          "type": "key",
          "status": "available",
          "attributes": ["studentId"],
          "orders": ["ASC"]
        },
        {
          "key": "idx_gradeId",
          "type": "key",
          "status": "available",
          "attributes": ["gradeId"],
          "orders": ["ASC"]
        },
        {
          "key": "idx_status",
          "type": "key",
          "status": "available",
          "attributes": ["status"],
          "orders": ["ASC"]
        }
      ]
    },
    {
      "$id": "claim_types",
      "$permissions": [],
      "databaseId": "imagine-project-db",
      "name": "claim_types",
      "enabled": true,
      "documentSecurity": true,
      "attributes": [
        {
          "key": "createdBy",
          "type": "string",
          "required": true,
          "array": false,
          "size": 64,
          "default": null,
          "encrypt": false
        },
        {
          "key": "name",
          "type": "string",
          "required": true,
          "array": false,
          "size": 100,
          "default": null,
          "encrypt": false
        },
        {
          "key": "code",
          "type": "string",
          "required": true,
          "array": false,
          "size": 20,
          "default": null,
          "encrypt": false
        }
      ],
      "indexes": [
        {
          "key": "idx_createdBy",
          "type": "key",
          "status": "available",
          "attributes": ["createdBy"],
          "orders": ["ASC"]
        }
      ]
    },
    {
      "$id": "grade_display_params",
      "$permissions": [],
      "databaseId": "imagine-project-db",
      "name": "grade_display_params",
      "enabled": true,
      "documentSecurity": true,
      "attributes": [
        {
          "key": "createdBy",
          "type": "string",
          "required": true,
          "array": false,
          "size": 64,
          "default": null,
          "encrypt": false
        },
        {
          "key": "sessionId",
          "type": "string",
          "required": true,
          "array": false,
          "size": 64,
          "default": null,
          "encrypt": false
        },
        {
          "key": "filiereId",
          "type": "string",
          "required": false,
          "array": false,
          "size": 64,
          "default": null,
          "encrypt": false
        },
        {
          "key": "showGrades",
          "type": "boolean",
          "required": false,
          "array": false,
          "default": false
        },
        {
          "key": "showRanking",
          "type": "boolean",
          "required": false,
          "array": false,
          "default": false
        },
        {
          "key": "startDate",
          "type": "datetime",
          "required": false,
          "array": false,
          "format": "",
          "default": null
        },
        {
          "key": "endDate",
          "type": "datetime",
          "required": false,
          "array": false,
          "format": "",
          "default": null
        }
      ],
      "indexes": [
        {
          "key": "idx_createdBy",
          "type": "key",
          "status": "available",
          "attributes": ["createdBy"],
          "orders": ["ASC"]
        },
        {
          "key": "idx_sessionId",
          "type": "key",
          "status": "available",
          "attributes": ["sessionId"],
          "orders": ["ASC"]
        }
      ]
    },
    {
      "$id": "apogee_sync_logs",
      "$permissions": [],
      "databaseId": "imagine-project-db",
      "name": "apogee_sync_logs",
      "enabled": true,
      "documentSecurity": true,
      "attributes": [
        {
          "key": "createdBy",
          "type": "string",
          "required": true,
          "array": false,
          "size": 64,
          "default": null,
          "encrypt": false
        },
        {
          "key": "syncType",
          "type": "string",
          "required": true,
          "array": false,
          "size": 50,
          "default": null,
          "encrypt": false
        },
        {
          "key": "status",
          "type": "string",
          "required": true,
          "array": false,
          "size": 30,
          "default": null,
          "encrypt": false
        },
        {
          "key": "startedAt",
          "type": "datetime",
          "required": true,
          "array": false,
          "format": "",
          "default": null
        },
        {
          "key": "completedAt",
          "type": "datetime",
          "required": false,
          "array": false,
          "format": "",
          "default": null
        },
        {
          "key": "recordsProcessed",
          "type": "integer",
          "required": false,
          "array": false,
          "min": null,
          "max": null,
          "default": null
        },
        {
          "key": "recordsSuccess",
          "type": "integer",
          "required": false,
          "array": false,
          "min": null,
          "max": null,
          "default": null
        },
        {
          "key": "recordsFailed",
          "type": "integer",
          "required": false,
          "array": false,
          "min": null,
          "max": null,
          "default": null
        },
        {
          "key": "errorLog",
          "type": "string",
          "required": false,
          "array": false,
          "size": 5000,
          "default": null,
          "encrypt": false
        },
        {
          "key": "triggeredBy",
          "type": "string",
          "required": false,
          "array": false,
          "size": 64,
          "default": null,
          "encrypt": false
        }
      ],
      "indexes": [
        {
          "key": "idx_createdBy",
          "type": "key",
          "status": "available",
          "attributes": ["createdBy"],
          "orders": ["ASC"]
        },
        {
          "key": "idx_syncType",
          "type": "key",
          "status": "available",
          "attributes": ["syncType"],
          "orders": ["ASC"]
        },
        {
          "key": "idx_status",
          "type": "key",
          "status": "available",
          "attributes": ["status"],
          "orders": ["ASC"]
        }
      ]
    },
    {
      "$id": "background_tasks",
      "$permissions": [],
      "databaseId": "imagine-project-db",
      "name": "background_tasks",
      "enabled": true,
      "documentSecurity": true,
      "attributes": [
        {
          "key": "createdBy",
          "type": "string",
          "required": true,
          "array": false,
          "size": 64,
          "default": null,
          "encrypt": false
        },
        {
          "key": "taskType",
          "type": "string",
          "required": true,
          "array": false,
          "size": 50,
          "default": null,
          "encrypt": false
        },
        {
          "key": "taskName",
          "type": "string",
          "required": true,
          "array": false,
          "size": 200,
          "default": null,
          "encrypt": false
        },
        {
          "key": "status",
          "type": "string",
          "required": true,
          "array": false,
          "size": 30,
          "default": null,
          "encrypt": false
        },
        {
          "key": "progress",
          "type": "integer",
          "required": false,
          "array": false,
          "min": null,
          "max": null,
          "default": null
        },
        {
          "key": "startedAt",
          "type": "datetime",
          "required": false,
          "array": false,
          "format": "",
          "default": null
        },
        {
          "key": "completedAt",
          "type": "datetime",
          "required": false,
          "array": false,
          "format": "",
          "default": null
        },
        {
          "key": "parameters",
          "type": "string",
          "required": false,
          "array": false,
          "size": 2000,
          "default": null,
          "encrypt": false
        },
        {
          "key": "result",
          "type": "string",
          "required": false,
          "array": false,
          "size": 2000,
          "default": null,
          "encrypt": false
        },
        {
          "key": "errorMessage",
          "type": "string",
          "required": false,
          "array": false,
          "size": 2000,
          "default": null,
          "encrypt": false
        }
      ],
      "indexes": [
        {
          "key": "idx_createdBy",
          "type": "key",
          "status": "available",
          "attributes": ["createdBy"],
          "orders": ["ASC"]
        },
        {
          "key": "idx_taskType",
          "type": "key",
          "status": "available",
          "attributes": ["taskType"],
          "orders": ["ASC"]
        },
        {
          "key": "idx_status",
          "type": "key",
          "status": "available",
          "attributes": ["status"],
          "orders": ["ASC"]
        }
      ]
    },
    {
      "$id": "announcements",
      "$permissions": [],
      "databaseId": "imagine-project-db",
      "name": "announcements",
      "enabled": true,
      "documentSecurity": true,
      "attributes": [
        {
          "key": "createdBy",
          "type": "string",
          "required": true,
          "array": false,
          "size": 64,
          "default": null,
          "encrypt": false
        },
        {
          "key": "title",
          "type": "string",
          "required": true,
          "array": false,
          "size": 300,
          "default": null,
          "encrypt": false
        },
        {
          "key": "content",
          "type": "string",
          "required": true,
          "array": false,
          "size": 10000,
          "default": null,
          "encrypt": false
        },
        {
          "key": "type",
          "type": "string",
          "required": false,
          "array": false,
          "size": 30,
          "default": null,
          "encrypt": false
        },
        {
          "key": "targetAudience",
          "type": "string",
          "required": false,
          "array": false,
          "size": 50,
          "default": null,
          "encrypt": false
        },
        {
          "key": "filiereIds",
          "type": "string",
          "required": false,
          "array": true,
          "size": 64,
          "default": null,
          "encrypt": false
        },
        {
          "key": "etapeIds",
          "type": "string",
          "required": false,
          "array": true,
          "size": 64,
          "default": null,
          "encrypt": false
        },
        {
          "key": "isPublished",
          "type": "boolean",
          "required": false,
          "array": false,
          "default": false
        },
        {
          "key": "publishedAt",
          "type": "datetime",
          "required": false,
          "array": false,
          "format": "",
          "default": null
        },
        {
          "key": "expiresAt",
          "type": "datetime",
          "required": false,
          "array": false,
          "format": "",
          "default": null
        },
        {
          "key": "isPinned",
          "type": "boolean",
          "required": false,
          "array": false,
          "default": false
        },
        {
          "key": "attachmentIds",
          "type": "string",
          "required": false,
          "array": true,
          "size": 255,
          "default": null,
          "encrypt": false
        }
      ],
      "indexes": [
        {
          "key": "idx_createdBy",
          "type": "key",
          "status": "available",
          "attributes": ["createdBy"],
          "orders": ["ASC"]
        },
        {
          "key": "idx_isPublished",
          "type": "key",
          "status": "available",
          "attributes": ["isPublished"],
          "orders": ["ASC"]
        },
        {
          "key": "idx_type",
          "type": "key",
          "status": "available",
          "attributes": ["type"],
          "orders": ["ASC"]
        }
      ]
    },
    {
      "$id": "schedules",
      "$permissions": [],
      "databaseId": "imagine-project-db",
      "name": "schedules",
      "enabled": true,
      "documentSecurity": true,
      "attributes": [
        {
          "key": "createdBy",
          "type": "string",
          "required": true,
          "array": false,
          "size": 64,
          "default": null,
          "encrypt": false
        },
        {
          "key": "title",
          "type": "string",
          "required": true,
          "array": false,
          "size": 200,
          "default": null,
          "encrypt": false
        },
        {
          "key": "filiereId",
          "type": "string",
          "required": false,
          "array": false,
          "size": 64,
          "default": null,
          "encrypt": false
        },
        {
          "key": "etapeId",
          "type": "string",
          "required": false,
          "array": false,
          "size": 64,
          "default": null,
          "encrypt": false
        },
        {
          "key": "semesterId",
          "type": "string",
          "required": false,
          "array": false,
          "size": 64,
          "default": null,
          "encrypt": false
        },
        {
          "key": "academicYearId",
          "type": "string",
          "required": false,
          "array": false,
          "size": 64,
          "default": null,
          "encrypt": false
        },
        {
          "key": "fileId",
          "type": "string",
          "required": false,
          "array": false,
          "size": 255,
          "default": null,
          "encrypt": false
        },
        {
          "key": "isActive",
          "type": "boolean",
          "required": false,
          "array": false,
          "default": true
        },
        {
          "key": "validFrom",
          "type": "datetime",
          "required": false,
          "array": false,
          "format": "",
          "default": null
        },
        {
          "key": "validTo",
          "type": "datetime",
          "required": false,
          "array": false,
          "format": "",
          "default": null
        }
      ],
      "indexes": [
        {
          "key": "idx_createdBy",
          "type": "key",
          "status": "available",
          "attributes": ["createdBy"],
          "orders": ["ASC"]
        },
        {
          "key": "idx_filiereId",
          "type": "key",
          "status": "available",
          "attributes": ["filiereId"],
          "orders": ["ASC"]
        },
        {
          "key": "idx_etapeId",
          "type": "key",
          "status": "available",
          "attributes": ["etapeId"],
          "orders": ["ASC"]
        }
      ]
    },
    {
      "$id": "document_types",
      "$permissions": [],
      "databaseId": "imagine-project-db",
      "name": "document_types",
      "enabled": true,
      "documentSecurity": true,
      "attributes": [
        {
          "key": "createdBy",
          "type": "string",
          "required": true,
          "array": false,
          "size": 64,
          "default": null,
          "encrypt": false
        },
        {
          "key": "name",
          "type": "string",
          "required": true,
          "array": false,
          "size": 100,
          "default": null,
          "encrypt": false
        },
        {
          "key": "code",
          "type": "string",
          "required": true,
          "array": false,
          "size": 20,
          "default": null,
          "encrypt": false
        },
        {
          "key": "description",
          "type": "string",
          "required": false,
          "array": false,
          "size": 500,
          "default": null,
          "encrypt": false
        },
        {
          "key": "processingDays",
          "type": "integer",
          "required": false,
          "array": false,
          "min": null,
          "max": null,
          "default": null
        },
        {
          "key": "requiresApproval",
          "type": "boolean",
          "required": false,
          "array": false,
          "default": true
        }
      ],
      "indexes": [
        {
          "key": "idx_createdBy",
          "type": "key",
          "status": "available",
          "attributes": ["createdBy"],
          "orders": ["ASC"]
        },
        {
          "key": "idx_code",
          "type": "unique",
          "status": "available",
          "attributes": ["code"],
          "orders": ["ASC"]
        }
      ]
    },
    {
      "$id": "request_statuses",
      "$permissions": [],
      "databaseId": "imagine-project-db",
      "name": "request_statuses",
      "enabled": true,
      "documentSecurity": true,
      "attributes": [
        {
          "key": "createdBy",
          "type": "string",
          "required": true,
          "array": false,
          "size": 64,
          "default": null,
          "encrypt": false
        },
        {
          "key": "name",
          "type": "string",
          "required": true,
          "array": false,
          "size": 100,
          "default": null,
          "encrypt": false
        },
        {
          "key": "code",
          "type": "string",
          "required": true,
          "array": false,
          "size": 20,
          "default": null,
          "encrypt": false
        },
        {
          "key": "color",
          "type": "string",
          "required": false,
          "array": false,
          "size": 20,
          "default": null,
          "encrypt": false
        },
        {
          "key": "order",
          "type": "integer",
          "required": false,
          "array": false,
          "min": null,
          "max": null,
          "default": null
        }
      ],
      "indexes": [
        {
          "key": "idx_createdBy",
          "type": "key",
          "status": "available",
          "attributes": ["createdBy"],
          "orders": ["ASC"]
        }
      ]
    },
    {
      "$id": "document_requests",
      "$permissions": [],
      "databaseId": "imagine-project-db",
      "name": "document_requests",
      "enabled": true,
      "documentSecurity": true,
      "attributes": [
        {
          "key": "createdBy",
          "type": "string",
          "required": true,
          "array": false,
          "size": 64,
          "default": null,
          "encrypt": false
        },
        {
          "key": "studentId",
          "type": "string",
          "required": true,
          "array": false,
          "size": 64,
          "default": null,
          "encrypt": false
        },
        {
          "key": "documentTypeId",
          "type": "string",
          "required": true,
          "array": false,
          "size": 64,
          "default": null,
          "encrypt": false
        },
        {
          "key": "statusId",
          "type": "string",
          "required": false,
          "array": false,
          "size": 64,
          "default": null,
          "encrypt": false
        },
        {
          "key": "requestNumber",
          "type": "string",
          "required": false,
          "array": false,
          "size": 50,
          "default": null,
          "encrypt": false
        },
        {
          "key": "quantity",
          "type": "integer",
          "required": false,
          "array": false,
          "min": null,
          "max": null,
          "default": null
        },
        {
          "key": "purpose",
          "type": "string",
          "required": false,
          "array": false,
          "size": 500,
          "default": null,
          "encrypt": false
        },
        {
          "key": "notes",
          "type": "string",
          "required": false,
          "array": false,
          "size": 1000,
          "default": null,
          "encrypt": false
        },
        {
          "key": "processedBy",
          "type": "string",
          "required": false,
          "array": false,
          "size": 64,
          "default": null,
          "encrypt": false
        },
        {
          "key": "processedAt",
          "type": "datetime",
          "required": false,
          "array": false,
          "format": "",
          "default": null
        },
        {
          "key": "deliveredAt",
          "type": "datetime",
          "required": false,
          "array": false,
          "format": "",
          "default": null
        }
      ],
      "indexes": [
        {
          "key": "idx_createdBy",
          "type": "key",
          "status": "available",
          "attributes": ["createdBy"],
          "orders": ["ASC"]
        },
        {
          "key": "idx_studentId",
          "type": "key",
          "status": "available",
          "attributes": ["studentId"],
          "orders": ["ASC"]
        },
        {
          "key": "idx_statusId",
          "type": "key",
          "status": "available",
          "attributes": ["statusId"],
          "orders": ["ASC"]
        }
      ]
    },
    {
      "$id": "bac_withdrawal_types",
      "$permissions": [],
      "databaseId": "imagine-project-db",
      "name": "bac_withdrawal_types",
      "enabled": true,
      "documentSecurity": true,
      "attributes": [
        {
          "key": "createdBy",
          "type": "string",
          "required": true,
          "array": false,
          "size": 64,
          "default": null,
          "encrypt": false
        },
        {
          "key": "name",
          "type": "string",
          "required": true,
          "array": false,
          "size": 100,
          "default": null,
          "encrypt": false
        },
        {
          "key": "code",
          "type": "string",
          "required": true,
          "array": false,
          "size": 20,
          "default": null,
          "encrypt": false
        }
      ],
      "indexes": [
        {
          "key": "idx_createdBy",
          "type": "key",
          "status": "available",
          "attributes": ["createdBy"],
          "orders": ["ASC"]
        }
      ]
    },
    {
      "$id": "bac_withdrawal_statuses",
      "$permissions": [],
      "databaseId": "imagine-project-db",
      "name": "bac_withdrawal_statuses",
      "enabled": true,
      "documentSecurity": true,
      "attributes": [
        {
          "key": "createdBy",
          "type": "string",
          "required": true,
          "array": false,
          "size": 64,
          "default": null,
          "encrypt": false
        },
        {
          "key": "name",
          "type": "string",
          "required": true,
          "array": false,
          "size": 100,
          "default": null,
          "encrypt": false
        },
        {
          "key": "code",
          "type": "string",
          "required": true,
          "array": false,
          "size": 20,
          "default": null,
          "encrypt": false
        },
        {
          "key": "color",
          "type": "string",
          "required": false,
          "array": false,
          "size": 20,
          "default": null,
          "encrypt": false
        }
      ],
      "indexes": [
        {
          "key": "idx_createdBy",
          "type": "key",
          "status": "available",
          "attributes": ["createdBy"],
          "orders": ["ASC"]
        }
      ]
    },
    {
      "$id": "bac_withdrawals",
      "$permissions": [],
      "databaseId": "imagine-project-db",
      "name": "bac_withdrawals",
      "enabled": true,
      "documentSecurity": true,
      "attributes": [
        {
          "key": "createdBy",
          "type": "string",
          "required": true,
          "array": false,
          "size": 64,
          "default": null,
          "encrypt": false
        },
        {
          "key": "studentId",
          "type": "string",
          "required": true,
          "array": false,
          "size": 64,
          "default": null,
          "encrypt": false
        },
        {
          "key": "withdrawalTypeId",
          "type": "string",
          "required": false,
          "array": false,
          "size": 64,
          "default": null,
          "encrypt": false
        },
        {
          "key": "statusId",
          "type": "string",
          "required": false,
          "array": false,
          "size": 64,
          "default": null,
          "encrypt": false
        },
        {
          "key": "requestDate",
          "type": "datetime",
          "required": false,
          "array": false,
          "format": "",
          "default": null
        },
        {
          "key": "withdrawalDate",
          "type": "datetime",
          "required": false,
          "array": false,
          "format": "",
          "default": null
        },
        {
          "key": "reason",
          "type": "string",
          "required": false,
          "array": false,
          "size": 500,
          "default": null,
          "encrypt": false
        },
        {
          "key": "processedBy",
          "type": "string",
          "required": false,
          "array": false,
          "size": 64,
          "default": null,
          "encrypt": false
        },
        {
          "key": "notes",
          "type": "string",
          "required": false,
          "array": false,
          "size": 1000,
          "default": null,
          "encrypt": false
        }
      ],
      "indexes": [
        {
          "key": "idx_createdBy",
          "type": "key",
          "status": "available",
          "attributes": ["createdBy"],
          "orders": ["ASC"]
        },
        {
          "key": "idx_studentId",
          "type": "key",
          "status": "available",
          "attributes": ["studentId"],
          "orders": ["ASC"]
        },
        {
          "key": "idx_statusId",
          "type": "key",
          "status": "available",
          "attributes": ["statusId"],
          "orders": ["ASC"]
        }
      ]
    },
    {
      "$id": "signatories",
      "$permissions": [],
      "databaseId": "imagine-project-db",
      "name": "signatories",
      "enabled": true,
      "documentSecurity": true,
      "attributes": [
        {
          "key": "createdBy",
          "type": "string",
          "required": true,
          "array": false,
          "size": 64,
          "default": null,
          "encrypt": false
        },
        {
          "key": "userId",
          "type": "string",
          "required": true,
          "array": false,
          "size": 64,
          "default": null,
          "encrypt": false
        },
        {
          "key": "title",
          "type": "string",
          "required": true,
          "array": false,
          "size": 200,
          "default": null,
          "encrypt": false
        },
        {
          "key": "signatureFileId",
          "type": "string",
          "required": false,
          "array": false,
          "size": 255,
          "default": null,
          "encrypt": false
        },
        {
          "key": "stampFileId",
          "type": "string",
          "required": false,
          "array": false,
          "size": 255,
          "default": null,
          "encrypt": false
        },
        {
          "key": "isActive",
          "type": "boolean",
          "required": false,
          "array": false,
          "default": true
        },
        {
          "key": "documentTypes",
          "type": "string",
          "required": false,
          "array": true,
          "size": 64,
          "default": null,
          "encrypt": false
        }
      ],
      "indexes": [
        {
          "key": "idx_createdBy",
          "type": "key",
          "status": "available",
          "attributes": ["createdBy"],
          "orders": ["ASC"]
        },
        {
          "key": "idx_userId",
          "type": "key",
          "status": "available",
          "attributes": ["userId"],
          "orders": ["ASC"]
        }
      ]
    },
    {
      "$id": "coordinators",
      "$permissions": [],
      "databaseId": "imagine-project-db",
      "name": "coordinators",
      "enabled": true,
      "documentSecurity": true,
      "attributes": [
        {
          "key": "createdBy",
          "type": "string",
          "required": true,
          "array": false,
          "size": 64,
          "default": null,
          "encrypt": false
        },
        {
          "key": "userId",
          "type": "string",
          "required": true,
          "array": false,
          "size": 64,
          "default": null,
          "encrypt": false
        },
        {
          "key": "filiereIds",
          "type": "string",
          "required": false,
          "array": true,
          "size": 64,
          "default": null,
          "encrypt": false
        },
        {
          "key": "moduleIds",
          "type": "string",
          "required": false,
          "array": true,
          "size": 64,
          "default": null,
          "encrypt": false
        },
        {
          "key": "isActive",
          "type": "boolean",
          "required": false,
          "array": false,
          "default": true
        }
      ],
      "indexes": [
        {
          "key": "idx_createdBy",
          "type": "key",
          "status": "available",
          "attributes": ["createdBy"],
          "orders": ["ASC"]
        },
        {
          "key": "idx_userId",
          "type": "key",
          "status": "available",
          "attributes": ["userId"],
          "orders": ["ASC"]
        }
      ]
    },
    {
      "$id": "etape_coordinators",
      "$permissions": [],
      "databaseId": "imagine-project-db",
      "name": "etape_coordinators",
      "enabled": true,
      "documentSecurity": true,
      "attributes": [
        {
          "key": "createdBy",
          "type": "string",
          "required": true,
          "array": false,
          "size": 64,
          "default": null,
          "encrypt": false
        },
        {
          "key": "userId",
          "type": "string",
          "required": true,
          "array": false,
          "size": 64,
          "default": null,
          "encrypt": false
        },
        {
          "key": "etapeIds",
          "type": "string",
          "required": false,
          "array": true,
          "size": 64,
          "default": null,
          "encrypt": false
        },
        {
          "key": "isActive",
          "type": "boolean",
          "required": false,
          "array": false,
          "default": true
        }
      ],
      "indexes": [
        {
          "key": "idx_createdBy",
          "type": "key",
          "status": "available",
          "attributes": ["createdBy"],
          "orders": ["ASC"]
        },
        {
          "key": "idx_userId",
          "type": "key",
          "status": "available",
          "attributes": ["userId"],
          "orders": ["ASC"]
        }
      ]
    },
    {
      "$id": "supervisors",
      "$permissions": [],
      "databaseId": "imagine-project-db",
      "name": "supervisors",
      "enabled": true,
      "documentSecurity": true,
      "attributes": [
        {
          "key": "createdBy",
          "type": "string",
          "required": true,
          "array": false,
          "size": 64,
          "default": null,
          "encrypt": false
        },
        {
          "key": "userId",
          "type": "string",
          "required": true,
          "array": false,
          "size": 64,
          "default": null,
          "encrypt": false
        },
        {
          "key": "isAvailable",
          "type": "boolean",
          "required": false,
          "array": false,
          "default": true
        },
        {
          "key": "maxSessionsPerDay",
          "type": "integer",
          "required": false,
          "array": false,
          "min": null,
          "max": null,
          "default": null
        }
      ],
      "indexes": [
        {
          "key": "idx_createdBy",
          "type": "key",
          "status": "available",
          "attributes": ["createdBy"],
          "orders": ["ASC"]
        },
        {
          "key": "idx_userId",
          "type": "key",
          "status": "available",
          "attributes": ["userId"],
          "orders": ["ASC"]
        }
      ]
    },
    {
      "$id": "general_claims",
      "$permissions": [],
      "databaseId": "imagine-project-db",
      "name": "general_claims",
      "enabled": true,
      "documentSecurity": true,
      "attributes": [
        {
          "key": "createdBy",
          "type": "string",
          "required": true,
          "array": false,
          "size": 64,
          "default": null,
          "encrypt": false
        },
        {
          "key": "studentId",
          "type": "string",
          "required": true,
          "array": false,
          "size": 64,
          "default": null,
          "encrypt": false
        },
        {
          "key": "subject",
          "type": "string",
          "required": true,
          "array": false,
          "size": 300,
          "default": null,
          "encrypt": false
        },
        {
          "key": "description",
          "type": "string",
          "required": true,
          "array": false,
          "size": 5000,
          "default": null,
          "encrypt": false
        },
        {
          "key": "category",
          "type": "string",
          "required": false,
          "array": false,
          "size": 50,
          "default": null,
          "encrypt": false
        },
        {
          "key": "status",
          "type": "string",
          "required": false,
          "array": false,
          "size": 30,
          "default": null,
          "encrypt": false
        },
        {
          "key": "response",
          "type": "string",
          "required": false,
          "array": false,
          "size": 5000,
          "default": null,
          "encrypt": false
        },
        {
          "key": "processedBy",
          "type": "string",
          "required": false,
          "array": false,
          "size": 64,
          "default": null,
          "encrypt": false
        },
        {
          "key": "processedAt",
          "type": "datetime",
          "required": false,
          "array": false,
          "format": "",
          "default": null
        },
        {
          "key": "attachmentIds",
          "type": "string",
          "required": false,
          "array": true,
          "size": 255,
          "default": null,
          "encrypt": false
        }
      ],
      "indexes": [
        {
          "key": "idx_createdBy",
          "type": "key",
          "status": "available",
          "attributes": ["createdBy"],
          "orders": ["ASC"]
        },
        {
          "key": "idx_studentId",
          "type": "key",
          "status": "available",
          "attributes": ["studentId"],
          "orders": ["ASC"]
        },
        {
          "key": "idx_status",
          "type": "key",
          "status": "available",
          "attributes": ["status"],
          "orders": ["ASC"]
        }
      ]
    },
    {
      "$id": "audit_logs",
      "$permissions": [],
      "databaseId": "imagine-project-db",
      "name": "audit_logs",
      "enabled": true,
      "documentSecurity": true,
      "attributes": [
        {
          "key": "createdBy",
          "type": "string",
          "required": true,
          "array": false,
          "size": 64,
          "default": null,
          "encrypt": false
        },
        {
          "key": "userId",
          "type": "string",
          "required": true,
          "array": false,
          "size": 64,
          "default": null,
          "encrypt": false
        },
        {
          "key": "action",
          "type": "string",
          "required": true,
          "array": false,
          "size": 50,
          "default": null,
          "encrypt": false
        },
        {
          "key": "entityType",
          "type": "string",
          "required": true,
          "array": false,
          "size": 50,
          "default": null,
          "encrypt": false
        },
        {
          "key": "entityId",
          "type": "string",
          "required": false,
          "array": false,
          "size": 64,
          "default": null,
          "encrypt": false
        },
        {
          "key": "oldValue",
          "type": "string",
          "required": false,
          "array": false,
          "size": 5000,
          "default": null,
          "encrypt": false
        },
        {
          "key": "newValue",
          "type": "string",
          "required": false,
          "array": false,
          "size": 5000,
          "default": null,
          "encrypt": false
        },
        {
          "key": "ipAddress",
          "type": "string",
          "required": false,
          "array": false,
          "size": 50,
          "default": null,
          "encrypt": false
        },
        {
          "key": "userAgent",
          "type": "string",
          "required": false,
          "array": false,
          "size": 500,
          "default": null,
          "encrypt": false
        }
      ],
      "indexes": [
        {
          "key": "idx_createdBy",
          "type": "key",
          "status": "available",
          "attributes": ["createdBy"],
          "orders": ["ASC"]
        },
        {
          "key": "idx_userId",
          "type": "key",
          "status": "available",
          "attributes": ["userId"],
          "orders": ["ASC"]
        },
        {
          "key": "idx_action",
          "type": "key",
          "status": "available",
          "attributes": ["action"],
          "orders": ["ASC"]
        },
        {
          "key": "idx_entityType",
          "type": "key",
          "status": "available",
          "attributes": ["entityType"],
          "orders": ["ASC"]
        }
      ]
    }
  ],
  "buckets": [
    {
      "$id": "imagine-project-bucket",
      "$permissions": [],
      "fileSecurity": true,
      "name": "imagine-project-bucket",
      "enabled": true,
      "maximumFileSize": 50000000,
      "allowedFileExtensions": [],
      "compression": "none",
      "encryption": true,
      "antivirus": true
    }
  ]
}
